[
    {
        "id": 1,
        "componentName": "EVENT_MGMT_R1",
        "componentCode": "Event Dashboard View1",
        "description": "customer name1",
        "weight": 123,
        "material": "familyName1",
        "color": "processPhase1",
        "productName": "productName",
        "processPhase":"processPhase1",
        "noOfManuProcessId": "noOfManuProcessId"
    },
    {
        "id": 2,
        "componentName": "EVENT_MGMT_R2",
        "componentCode": "Event Dashboard View2",
        "description": "customer name12",
        "weight": 456,
        "material": "familyName2",
        "color": "processPhase2",
        "productName": "productName2",
        "processPhase":"processPhase2",
        "noOfManuProcessId": "noOfManuProcessId2"
    }
]