[
	{
		"createdBy": "admin",
		"plantName": "Mahad",
		"plantType": "Chemical manufacturing",
		"createdDate": "2019-02-02T08:42:15Z",
		"lastModifiedBy": "admin",
		"capacity": 90,
		"lastUpdated": "2020-07-06T05:06:34.733Z",
		"id": 90,
		"externalId": "Mahad",
		"displayName": "Mahad",
		"ownerName": "Pidilite",
		"organizationDetails": [
			{
				"orgType": "Dev",
				"orgId": 2,
				"orgName": "Pidilite"
			},
			{
				"orgType": "O&M",
				"orgId": 2,
				"orgName": "Pidilite"
			},
			{
				"orgType": "OEM",
				"orgId": "",
				"orgName": "IOT Gateway - HMS"
			},
			{
				"orgType": "SCADA",
				"orgId": 3,
				"orgName": "Siemens"
			}
		],
		"orgType": "Dev",
		"orgId": 2,
		"orgName": "Pidilite",
		"mountTechnology": "HYBRID",
		"localScadaMake": "Seimens",
		"localScadaModel": "WinCC",
		"cloudScadaMake": "Apollo",
		"cloudScadaModel": "Apollo",
		"latitude": 14.02518,
		"latitudeUnit": "DEGREE",
		"longitude": 77.045884,
		"longitudeUnit": "DEGREE",
		"altitude": 628.0,
		"altitudeUnit": "m",
		"dcCapacityNamePlate": 12500.0,
		"dcCapacityNamePlateUnit": "kWp",
		"acCapacityNamePlate": 10000.0,
		"acCapacityNamePlateUnit": "kVA",
		"dcCapacityActual": 12499.2,
		"dcCapacityActualUnit": "kWp",
		"acCapacityActual": 10000.0,
		"acCapacityActualUnit": "kVA",
		"dcCapacityDesign": null,
		"dcCapacityDesignUnit": "kWp",
		"acCapacityDesign": null,
		"acCapacityDesignUnit": "kVA",
		"commissionDate": "2015-10-31",
		"scadaCommissionDate": "2015-10-24",
		"locality": "Veerabommana Halli",
		"village": "Basavanahalli",
		"city": "Jambulabande",
		"state": "Andhra Pradesh",
		"country": "IN",
		"pincode": "515286",
		"timeZoneWrtUtc": "Asia/Kolkata",
		"currency": "INR",
		"policy": "SECI",
		"activeInd": true,
		"assetLists": [
			{
				"assetName": "Reactor",
				"assetItems": [
					"1-CL-01",
					"1-CL-02"
				]
			},
			{
				"assetName": "Pumps",
				"assetItems": [
					"1-CL-01",
					"1-CL-02"
				]
			}
		]
	},
	{
		"createdBy": "admin",
		"plantName": "Vapi",
		"plantType": "Adhesive manufacturing",
		"createdDate": "2019-02-02T08:42:15Z",
		"lastModifiedBy": "admin",
		"capacity": 88.33,
		"lastUpdated": "2020-01-06T05:06:34.733Z",
		"id": 27,
		"externalId": "Vapi",
		"displayName": "Vapi",
		"ownerName": "Pidilite",
		"organizationDetails": [
			{
				"orgType": "Dev",
				"orgId": 5,
				"orgName": "Pidilite"
			},
			{
				"orgType": "O&M",
				"orgId": 4,
				"orgName": "Pidilite"
			},
			{
				"orgType": "OEM",
				"orgId": 3,
				"orgName": "IOT Gateway - HMS"
			},
			{
				"orgType": "SCADA",
				"orgId": 1,
				"orgName": "Siemens"
			}
		],
		"orgType": "O&M",
		"orgId": 2,
		"orgName": "Pidilite",
		"mountTechnology": "HYBRID",
		"localScadaMake": "GE",
		"localScadaModel": "GE",
		"cloudScadaMake": "Apollo",
		"cloudScadaModel": "Apollo",
		"latitude": 18.5085906,
		"latitudeUnit": "DEGREE",
		"longitude": 77.045884,
		"longitudeUnit": "DEGREE",
		"altitude": 628.0,
		"altitudeUnit": "m",
		"dcCapacityNamePlate": 12500.0,
		"dcCapacityNamePlateUnit": "kWp",
		"acCapacityNamePlate": 10000.0,
		"acCapacityNamePlateUnit": "kVA",
		"dcCapacityActual": 12499.2,
		"dcCapacityActualUnit": "kWp",
		"acCapacityActual": 10000.0,
		"acCapacityActualUnit": "kVA",
		"dcCapacityDesign": null,
		"dcCapacityDesignUnit": "kWp",
		"acCapacityDesign": null,
		"acCapacityDesignUnit": "kVA",
		"commissionDate": "2015-10-31",
		"scadaCommissionDate": "2015-10-24",
		"locality": "Veerabommana Halli",
		"village": "Basavanahalli",
		"city": "Jambulabande",
		"state": "Andhra Pradesh",
		"country": "IN",
		"pincode": "515286",
		"timeZoneWrtUtc": "Asia/Kolkata",
		"currency": "INR",
		"policy": "SECI",
		"activeInd": true,
		"assetLists": [
			{
				"assetName": "Reactor",
				"assetItems": [
					"1-CL-01",
					"1-CL-02"
				]
			},
			{
				"assetName": "Pumps",
				"assetItems": [
					"1-CL-01",
					"1-CL-02"
				]
			}
		]
	},
	{
		"createdBy": "admin",
		"plantName": "Baddi",
		"plantType": "Resins manufacturing",
		"createdDate": "2019-02-02T08:42:15Z",
		"lastModifiedBy": "admin",
		"capacity": 100.4,
		"lastUpdated": "2020-09-06T05:06:34.733Z",
		"id": 32,
		"externalId": "Baddi",
		"displayName": "Baddi",
		"ownerName": "Pidilite",
		"organizationDetails": [
			{
				"orgType": "Dev",
				"orgId": 5,
				"orgName": "Pidilite"
			},
			{
				"orgType": "O&M",
				"orgId": 4,
				"orgName": "Pidilite"
			},
			{
				"orgType": "OEM",
				"orgId": 3,
				"orgName": "IOT Gateway - HMS"
			},
			{
				"orgType": "SCADA",
				"orgId": 1,
				"orgName": "Siemens"
			}
		],
		"orgType": "O&M",
		"orgId": 2,
		"orgName": "Pidilite",
		"mountTechnology": "HYBRID",
		"localScadaMake": "GE",
		"localScadaModel": "GE",
		"cloudScadaMake": "Apollo",
		"cloudScadaModel": "Apollo",
		"latitude": 14.02518,
		"latitudeUnit": "DEGREE",
		"longitude": 77.045884,
		"longitudeUnit": "DEGREE",
		"altitude": 628.0,
		"altitudeUnit": "m",
		"dcCapacityNamePlate": 12500.0,
		"dcCapacityNamePlateUnit": "kWp",
		"acCapacityNamePlate": 10000.0,
		"acCapacityNamePlateUnit": "kVA",
		"dcCapacityActual": 12499.2,
		"dcCapacityActualUnit": "kWp",
		"acCapacityActual": 10000.0,
		"acCapacityActualUnit": "kVA",
		"dcCapacityDesign": null,
		"dcCapacityDesignUnit": "kWp",
		"acCapacityDesign": null,
		"acCapacityDesignUnit": "kVA",
		"commissionDate": "2015-10-31",
		"scadaCommissionDate": "2015-10-24",
		"locality": "Veerabommana Halli",
		"village": "Basavanahalli",
		"city": "Jambulabande",
		"state": "Andhra Pradesh",
		"country": "IN",
		"pincode": "515286",
		"timeZoneWrtUtc": "Asia/Kolkata",
		"currency": "INR",
		"policy": "SECI",
		"activeInd": true,
		"assetLists": [
			{
				"assetName": "Reactor",
				"assetItems": [
					"1-CL-01",
					"1-CL-02"
				]
			},
			{
				"assetName": "Pumps",
				"assetItems": [
					"1-CL-01",
					"1-CL-02"
				]
			}
		]
	},
	{
		"createdBy": "admin",
		"plantName": "Daman",
		"plantType": "Chemical manufacturing",
		"createdDate": "2019-02-02T08:42:15Z",
		"lastModifiedBy": "admin",
		"capacity": 100.4,
		"lastUpdated": "2020-06-30T05:06:34.733Z",
		"id": 14,
		"externalId": "Daman",
		"displayName": "Daman",
		"ownerName": "Pidilite",
		"organizationDetails": [
			{
				"orgType": "Dev",
				"orgId": 5,
				"orgName": "Pidilite"
			},
			{
				"orgType": "O&M",
				"orgId": 4,
				"orgName": "Pidilite"
			},
			{
				"orgType": "OEM",
				"orgId": 3,
				"orgName": "IOT Gateway - HMS"
			},
			{
				"orgType": "SCADA",
				"orgId": 1,
				"orgName": "Siemens"
			}
		],
		"orgType": "O&M",
		"orgId": 2,
		"orgName": "Pidilite",
		"mountTechnology": "HYBRID",
		"localScadaMake": "GE",
		"localScadaModel": "GE",
		"cloudScadaMake": "Apollo",
		"cloudScadaModel": "Apollo",
		"latitude": 14.02518,
		"latitudeUnit": "DEGREE",
		"longitude": 77.045884,
		"longitudeUnit": "DEGREE",
		"altitude": 628.0,
		"altitudeUnit": "m",
		"dcCapacityNamePlate": 12500.0,
		"dcCapacityNamePlateUnit": "kWp",
		"acCapacityNamePlate": 10000.0,
		"acCapacityNamePlateUnit": "kVA",
		"dcCapacityActual": 12499.2,
		"dcCapacityActualUnit": "kWp",
		"acCapacityActual": 10000.0,
		"acCapacityActualUnit": "kVA",
		"dcCapacityDesign": null,
		"dcCapacityDesignUnit": "kWp",
		"acCapacityDesign": null,
		"acCapacityDesignUnit": "kVA",
		"commissionDate": "2015-10-31",
		"scadaCommissionDate": "2015-10-24",
		"locality": "Veerabommana Halli",
		"village": "Basavanahalli",
		"city": "Jambulabande",
		"state": "Andhra Pradesh",
		"country": "IN",
		"pincode": "515286",
		"timeZoneWrtUtc": "Asia/Kolkata",
		"currency": "INR",
		"policy": "SECI",
		"activeInd": true,
		"assetLists": [
			{
				"assetName": "Reactor",
				"assetItems": [
					"1-CL-01",
					"1-CL-02"
				]
			},
			{
				"assetName": "Pumps",
				"assetItems": [
					"1-CL-01",
					"1-CL-02"
				]
			}
		]
	},
	{
		"createdBy": "admin",
		"plantName": "Karaibari",
		"plantType": "Chemical manufacturing",
		"createdDate": "2019-02-02T08:42:15Z",
		"lastModifiedBy": "admin",
		"capacity": 100.4,
		"lastUpdated": "2020-07-02T05:06:34.733Z",
		"id": 55,
		"externalId": "Karaibari",
		"displayName": "Karaibari",
		"ownerName": "Pidilite",
		"organizationDetails": [
			{
				"orgType": "Dev",
				"orgId": 5,
				"orgName": "Pidilite"
			},
			{
				"orgType": "O&M",
				"orgId": 4,
				"orgName": "Pidilite"
			},
			{
				"orgType": "OEM",
				"orgId": 3,
				"orgName": "IOT Gateway - HMS"
			},
			{
				"orgType": "SCADA",
				"orgId": 1,
				"orgName": "Siemens"
			}
		],
		"orgType": "O&M",
		"orgId": 2,
		"orgName": "Pidilite",
		"mountTechnology": "HYBRID",
		"localScadaMake": "GE",
		"localScadaModel": "GE",
		"cloudScadaMake": "Apollo",
		"cloudScadaModel": "Apollo",
		"latitude": 18.5085906,
		"latitudeUnit": "DEGREE",
		"longitude": 73.8317044,
		"longitudeUnit": "DEGREE",
		"altitude": 628.0,
		"altitudeUnit": "m",
		"dcCapacityNamePlate": 12500.0,
		"dcCapacityNamePlateUnit": "kWp",
		"acCapacityNamePlate": 10000.0,
		"acCapacityNamePlateUnit": "kVA",
		"dcCapacityActual": 12499.2,
		"dcCapacityActualUnit": "kWp",
		"acCapacityActual": 10000.0,
		"acCapacityActualUnit": "kVA",
		"dcCapacityDesign": null,
		"dcCapacityDesignUnit": "kWp",
		"acCapacityDesign": null,
		"acCapacityDesignUnit": "kVA",
		"commissionDate": "2015-10-31",
		"scadaCommissionDate": "2015-10-24",
		"locality": "Veerabommana Halli",
		"village": "Basavanahalli",
		"city": "Jambulabande",
		"state": "Andhra Pradesh",
		"country": "IN",
		"pincode": "515286",
		"timeZoneWrtUtc": "Asia/Kolkata",
		"currency": "INR",
		"policy": "SECI",
		"activeInd": true,
		"assetLists": [
			{
				"assetName": "Reactor",
				"assetItems": [
					"1-CL-01",
					"1-CL-02"
				]
			},
			{
				"assetName": "Pumps",
				"assetItems": [
					"1-CL-01",
					"1-CL-02"
				]
			}
		]
	}
]