[
    {
        "energy": [
            {
                "category": 50
            },
            {
                "category": 100
            },
            {
                "category": 150
            },
            {
                "category": 200
            }
        ]
    },
    {
        "health": [
            {
                "category": 50
            },
            {
                "category": 70
            },
            {
                "category": 95
            }
        ]
    }
]