[
    {
        "lineData": [
            {
                "hour": "1",
                "units": 250
            },
            {
                "hour": "2",
                "units": 270
            },
            {
                "hour": "3",
                "units": 246
            },
            {
                "hour": "4",
                "units": 122
            },
            {
                "hour": "5",
                "units": 180
            },
            {
                "hour": "6",
                "units": 120
            },
            {
                "hour": "7",
                "units": 378
            },
            {
                "hour": "8",
                "units": 178
            },
            {
                "time": 9,
                "units": 312
            }
        ]
    },
    {
        "pressure": [
            {
                "hour": "1",
                "units": 0
            },
            {
                "hour": "2",
                "units": 2
            },
            {
                "hour": "3",
                "units": 1
            },
            {
                "hour": "4",
                "units": 0
            },
            {
                "hour": "5",
                "units": 3
            },
            {
                "hour": "6",
                "units": 2
            },
            {
                "hour": "7",
                "units": 1
            },
            {
                "hour": "8",
                "units": 1
            },
            {
                "time": 9,
                "units": 0
            }
        ]
    },
    {
        "speed": [
            {
                "hour": "1",
                "units": 1250
            },
            {
                "hour": "2",
                "units": 1270
            },
            {
                "hour": "3",
                "units": 2246
            },
            {
                "hour": "4",
                "units": 3122
            },
            {
                "hour": "5",
                "units": 1180
            },
            {
                "hour": "6",
                "units": 3120
            },
            {
                "hour": "7",
                "units": 1378
            },
            {
                "hour": "8",
                "units": 2178
            },
            {
                "time": 9,
                "units": 3712
            }
        ]
    }
]