[
  {
    "name": "Logical Components",
    "children": [
      {
        "router": "area",
        "name": "Area",
        "secondLine": ""
      },
      {
        "router": "processcell",
        "name": "Process Cell",
        "secondLine": ""
      },
      {
        "router": "processunit",
        "name": "Process Unit",
        "secondLine": ""
      }
    ]
  },
  {
    "name": "Physical Components",
    "children": [
      {
        "router": "reactors",
        "name": "Reactors",
        "secondLine": ""
      },
      {
        "router": "pumps",
        "name": "Pumps",
        "secondLine": ""
      },
      {
        "router": "injection-mold",
        "name": "Injection Mold",
        "secondLine": ""
      },
      {
        "router": "injection-molding-machine",
        "name": "Injection Mold Machine",
        "secondLine": ""
      }
    ]
  }
]
