[
  {
    "firstRow": [
      {
        "iconImage": "../assets/Images/rmdashboard.png",
        "menuName": "Process360",
        "link": "/dashboard"
      },
      {
        "iconImage": "../assets/Images/Discrete360.png",
        "menuName": "Discrete360",
        "link": "/discrete-app"
      },
      {
        "iconImage": "../assets/Images/CBM.png",
        "menuName": "CBM",
        "link": "/equipment"
      },
      {
        "iconImage": "../assets/Images/schecule.png",
        "menuName": "Schedule",
        "link": "/category"
      }
    ]
  },
  {
    "secondRow": [
      {
        "iconImage": "../assets/Images/plants.png",
        "menuName": "Plant",
        "link": "/plants"
      },
      {
        "iconImage": "../assets/Images/library.png",
        "menuName": "Library",
        "link": "/library"
      },
      {
        "iconImage": "../assets/Images/userAcess.png",
        "menuName": "User Access",
        "link": "/adminpanel-accessmanagement"
      },
      {
        "iconImage": "../assets/Images/settings.png",
        "menuName": "Settings",
        "link": "/category"
      },
      {
        "iconImage": "../assets/Images/productConfig.png",
        "menuName": "Process Configuration",
        "link": "/productConfig/productFamily"
      }
    ]
  }
]
