[
    {
        "id": 1001,
        "moldName": "SF CAPSULE MOLD",
        "moldCode": 100011,       
        "description": 11,
        "quanity": "familyName1",
        "cycleTime": 33,
        "cavities": 55,
        "machinesAllowed": "IMM01, IMM05, IMM07"
    },
    {
        "id": 1002,
        "moldName": "SF CAPSULE MOLD",
        "moldCode": 100012,       
        "description": "Mold for Capsule",
        "quanity": 22,
        "cycleTime": 44,
        "cavities": 55,
        "machinesAllowed": "IMM01, IMM07"
    }
]