[
    {
        "id": 1,
        "code": "EVENT_MGMT_R",
        "description": "Event Dashboard View"
    },
    {
        "id": 2,
        "code": "PERFORMANCE_MGMT_R",
        "description": "Performance Dashboard View"
    },
    {
        "id": 3,
        "code": "HEALTH_MGMT_R",
        "description": "Health Dashboard View"
    },
    {
        "id": 4,
        "code": "ENERGY_LOSS_MGMT_R",
        "description": "Energy Loss Dashboard View"
    },
    {
        "id": 5,
        "code": "PLANT_CONFIG_R",
        "description": "Plant Configurator View"
    },
    {
        "id": 6,
        "code": "PLANT_CONFIG_W",
        "description": "Plant Configurator Modify"
    },
    {
        "id": 7,
        "code": "PRODUCT_SETTING_R",
        "description": "Product Settings View"
    },
    {
        "id": 8,
        "code": "PRODUCT_SETTING_W",
        "description": "Product Settings Modify"
    },
    {
        "id": 9,
        "code": "USER_ADMIN_R",
        "description": "User Admin View"
    },
    {
        "id": 10,
        "code": "USER_ADMIN_W",
        "description": "User Admin Modify"
    },
    {
        "id": 11,
        "code": "USER_MGMT_R",
        "description": "User Management View"
    },
    {
        "id": 12,
        "code": "USER_MGMT_W",
        "description": "User Management Modify"
    },
    {
        "id": 13,
        "code": "ROLE_MGMT_R",
        "description": "Role Management View"
    },
    {
        "id": 14,
        "code": "ROLE_MGMT_W",
        "description": "Role Management Modify"
    },
    {
        "id": 15,
        "code": "PERMISSION_MGMT_R",
        "description": "Permission Management View"
    },
    {
        "id": 16,
        "code": "PERMISSION_MGMT_W",
        "description": "Permission Management Modify"
    },
    {
        "id": 17,
        "code": "BI_TOOL_R",
        "description": "BI Tools View"
    },
    {
        "id": 18,
        "code": "TECH_SUPPORT_R",
        "description": "Technical Support View"
    },
    {
        "id": 19,
        "code": "CUSTOMER_FEEDBACK_R",
        "description": "Customer Feedback View"
    },
    {
        "id": 20,
        "code": "ALL",
        "description": "All"
    },
    {
        "id": 21,
        "code": "PORTFOLIO_MGMT_R",
        "description": "Portfolio Dashboard View"
    },
    {
        "id": 22,
        "code": "LIBRARY_MGMT_R",
        "description": "Library Management View"
    },
    {
        "id": 23,
        "code": "LIBRARY_MGMT_W",
        "description": "Library Management Modify"
    },
    {
        "id": 28,
        "code": "ACTION_ITEMS_R",
        "description": "Action Items View"
    },
    {
        "id": 29,
        "code": "ACTION_ITEMS_W",
        "description": "Action Items Modify"
    },
    {
        "id": 30,
        "code": "ROC_R",
        "description": "RoC View"
    },
    {
        "id": 31,
        "code": "MAINTENANCE_R",
        "description": "Maintenance Read"
    },
    {
        "id": 32,
        "code": "MAINTENANCE_W",
        "description": "Maintenance Write"
    }
]