[
    {
        "createdBy" : "admin",
        "createdDate" : "2019-02-02T08:42:15Z",
        "lastModifiedBy" : "admin",
        "lastModifiedDate" : "2020-08-22T05:06:34.733Z",
        "id" : 10,
        "externalId" : "HT",
        "displayName" : "HT",
        "noOfEquipments" : "22",
        "commissionDate" : "2020-08-22T05:06:34.733Z"
    },
    {
        "createdBy" : "admin",
        "createdDate" : "2019-02-02T08:42:15Z",
        "lastModifiedBy" : "admin",
        "lastModifiedDate" : "2020-08-22T05:06:34.733Z",
        "id" : 9,
        "externalId" : "PN",
        "displayName" : "PN",
        "noOfEquipments" : 10,
        "commissionDate" : "2012-06-11T05:06:34.733Z"
      }
]