[
    {
        "createdBy" : "admin",
        "createdDate" : "2019-02-02T08:42:15Z",
        "lastModifiedBy" : "admin",
        "lastModifiedDate" : "2020-08-22T05:06:34.733Z",
        "id" : 22,
        "externalId" : "AB",
        "displayName" : "AB",
        "equipmentMake" : "Make",
        "equipmentType" : "Type",
        "ratedSpeed" : 100,
        "ratedPowerCapacity" : 100,
        "commissionDate" : "2015-06-05"
    },
    {
        "createdBy" : "admin",
        "createdDate" : "2019-02-02T08:42:15Z",
        "lastModifiedBy" : "admin",
        "lastModifiedDate" : "2020-07-22T05:06:34.733Z",
        "id" : 13,
        "externalId" : "GH",
        "displayName" : "GH",
        "equipmentMake" : "Make",
        "equipmentType" : "Type",
        "ratedSpeed" : 100,
        "ratedPowerCapacity" : 100,
        "commissionDate" : "2015-10-01"
      }
]