[
    {
        "createdBy" : "admin",
        "createdDate" : "2019-02-02T08:42:15Z",
        "lastModifiedBy" : "admin",
        "lastModifiedDate" : "2020-08-22T05:06:34.733Z",
        "id" : 1,
        "displayName" : "MK",
        "activity": "",
        "timeZone" : "2020-08-22T05:06:34.733Z",
        "noOfEquipments": 10,
        "noOfStages": 10,
        "commissionDate" : "2015-10-31"
    },
    {
        "createdBy" : "admin",
        "createdDate" : "2019-02-02T08:42:15Z",
        "lastModifiedBy" : "admin",
        "lastModifiedDate" : "2020-08-22T05:06:34.733Z",
        "id" : 2,
        "displayName" : "HJ",
        "activity": "",
        "timeZone" : "2018-09-05T05:06:34.733Z",
        "noOfEquipments": 10,
        "noOfStages": 10,
        "commissionDate" : "2016-08-22"
      }
]