[
    {
        "createdBy" : "admin",
        "createdDate" : "2019-02-02T08:42:15Z",
        "lastModifiedBy" : "admin",
        "lastModifiedDate" : "2020-08-22T05:06:34.733Z",
        "id" : 21,
        "displayName" : "MG",
        "externalId" : "MG",
        "equipmentType" : "Type",
        "equipmentNetCapacity" : "1000",
        "commissionDate" : "2015-12-01"        
    },
    {
        "createdBy" : "admin",
        "createdDate" : "2019-02-02T08:42:15Z",
        "lastModifiedBy" : "admin",
        "lastModifiedDate" : "2020-07-22T05:06:34.733Z",
        "id" : 19,
        "displayName" : "KT",
        "externalId" : "KT",
        "equipmentType" : "Type",
        "equipmentNetCapacity" : "2000",
        "commissionDate" : "2015-09-09"
      }
]