[
    {
        "id": 1,
        "basicDetails": [
            {
                "plantName": "Mahad Plant",
                "externalId": "Mahad Plant",
                "ownerName": "Pidilite",
                "type": "Chemical Manufacturing",
                "mountTecnhology": "SINGLE AXIS TRACKER",
                "active": true,
                "lastUpdated": "22/07/2020 10:35:19"
            }
        ]
    },
    {
        "organizationDetails": [
            {
                "orgType": "Dev",
                "orgId": 2,
                "orgName": "Pidilite"
            },
            {
                "orgType": "O&M",
                "orgId": 2,
                "orgName": "Pidilite"
            },
            {
                "orgType": "OEM",
                "orgId": "",
                "orgName": "IOT Gateway - HMS"
            },            
            {
                "orgType": "SCADA",
                "orgId": 3,
                "orgName": "Siemens"
            }
        ]
    },
    {
        "systemDetails": [
            {
                "localScadaMake": "Siemens",
                "socalscadaModel": "WinCC",
                "capacity": 90,
                "cloudScadaMake": "Apollo",
                "cloudScadaModel": "Apollo",
                "dcCapacity": 13000,
                "acCapacity": 10000,
                "cdCapacityActual": 13016.4,
                "acCapacityActual": 10000,
                "cdCapacityDesign": "",
                "acCapacityDesign": "",
                "commissionDate": "01/07/2020",
                "scadaCommissiondate": "25/06/2020",
                "policy": ""
            }
        ]
    },
    {
        "locationDetails": [
            {
                "latitude": 18.5085906,
                "lognitude": 73.8317044,
                "altitude": 628,
                "locality": "Kamble Tarf Birwadi",
                "village": "Kamble Tarf Birwadi",
                "city": "Mahad",
                "country": "IN",
                "pincode": 402309,
                "timezone": "Asia/Kolkata",
                "currency": "INR"
            }
        ]
    },
    {
        "assetLists": [   
            {
                "assetName": "Reactor",
                "assetItems": [
                    "1-CL-01",
                    "1-CL-02"
                ]
            },            
            {
                "assetName": "Pumps",
                "assetItems": [
                    "1-CL-01",
                    "1-CL-02"
                ]
            }            
        ]
    }
]