[
    {
        "id": 1,
        "productType": "EVENT_MGMT_R1",
        "productName": "Event Dashboard View1",
        "productCode": "customer name1",
        "description": "description1",
        "familyName": "familyName1",
        "processPhase": "processPhase1"
    },
    {
        "id": 2,
        "productType": "EVENT_MGMT_R2",
        "productName": "Event Dashboard View2",
        "productCode": "customer name2",
        "description": "description2",
        "familyName": "familyName2",
        "processPhase": "processPhase2"
    }
]