{
    "plantId": 2,
    "areaId": 10,
    "cellId": 20,
    "unitId": 30,
    "instanceType": "Reactor",
    "instanceId": 19,
    "resolution": "MINUTE",
    "startdatetime": "2020-07-01",
    "enddatetime": "2020-07-01",
    "pcadata": {
        "Batch19": {
            "Scores": {
                "PC1": {
                    "0": -1.1971908635,
                    "1": -1.1971908635,
                    "2": -1.1887809484,
                    "3": -1.1735663689,
                    "4": -1.1615787378,
                    "5": -1.1569322724,
                    "6": -1.1581496089,
                    "7": -1.1653793344,
                    "8": -1.1653793344,
                    "9": -1.1537053241,
                    "10": -1.1492610392,
                    "11": -1.1465498922,
                    "12": -1.1366090197,
                    "13": -1.1330313038,
                    "14": -1.1210808194,
                    "15": -1.1220216819,
                    "16": -1.1373848485,
                    "17": -1.1433972374,
                    "18": -1.1509034369,
                    "19": -1.1652514475,
                    "20": -1.183177174,
                    "21": -1.1948511843,
                    "22": -1.207870418,
                    "23": -1.2126654704,
                    "24": -1.2126654704,
                    "25": -1.2126654704,
                    "26": -1.2126654704,
                    "27": -1.208146892,
                    "28": -1.2072431764,
                    "29": -1.225593964,
                    "30": -1.2378580692,
                    "31": -1.2351097754,
                    "32": -1.2416751124,
                    "33": -1.2569268386,
                    "34": -1.2623119859,
                    "35": -1.2634921757,
                    "36": -1.26644265,
                    "37": -1.2730451338,
                    "38": -1.2706847543,
                    "39": -1.279573324,
                    "40": -1.2891634289,
                    "41": -1.2888869549,
                    "42": -1.2888869549,
                    "43": -1.2888869549,
                    "44": -1.2900671446,
                    "45": -1.2953779984,
                    "46": -1.2836296945,
                    "47": -1.2836296945,
                    "48": -1.2944742827,
                    "49": -1.3100767765,
                    "50": -1.3309158305,
                    "51": -1.3452638411,
                    "52": -1.3464440308,
                    "53": -1.354115264,
                    "54": -1.3535251692,
                    "55": -1.3464440308,
                    "56": -1.3464440308,
                    "57": -1.3464440308,
                    "58": -1.3386985041,
                    "59": -1.3300121149,
                    "60": -1.3300121149,
                    "61": -1.3221922946,
                    "62": -1.2892913158,
                    "63": -1.2629928209,
                    "64": -1.2690795035,
                    "65": -1.2772129446,
                    "66": -1.2772129446,
                    "67": -1.2772129446,
                    "68": -1.2772129446,
                    "69": -1.2772129446,
                    "70": -1.2801634189,
                    "71": -1.29215105,
                    "72": -1.296281714,
                    "73": -1.3010024729,
                    "74": -1.3165306732,
                    "75": -1.3174343889,
                    "76": -1.3174343889,
                    "77": -1.3129158105,
                    "78": -1.3006888521,
                    "79": -1.2910616004,
                    "80": -1.2653903472,
                    "81": -1.2280822304,
                    "82": -1.1904604928,
                    "83": -1.1489845652,
                    "84": -1.1125430173,
                    "85": -1.092607679,
                    "86": -1.0779460476,
                    "87": -1.0621785201,
                    "88": -1.0457837509,
                    "89": -1.041062992,
                    "90": -1.0292610948,
                    "91": -1.0087356615,
                    "92": -0.991272143,
                    "93": -0.9585940449,
                    "94": -0.9217109893,
                    "95": -0.8827440283,
                    "96": -0.836972403,
                    "97": -0.792731735,
                    "98": -0.7485282138,
                    "99": -0.6886850519,
                    "100": -0.6207827425,
                    "101": -0.5398983462,
                    "102": -0.4560263288,
                    "103": -0.368927363,
                    "104": -0.2727912404,
                    "105": -0.1644281594,
                    "106": -0.0598821216,
                    "107": 0.0410862002,
                    "108": 0.1629307228,
                    "109": 0.2865826768,
                    "110": 0.4201012097,
                    "111": 0.5533432686,
                    "112": 0.6719979897,
                    "113": 0.7897489951,
                    "114": 0.8987393177,
                    "115": 1.0104779341,
                    "116": 1.1309772333,
                    "117": 1.2624118609,
                    "118": 1.3932192468,
                    "119": 1.520688244,
                    "120": 1.6565671563,
                    "121": 1.7919674142,
                    "122": 1.9342094831,
                    "123": 2.0829425955,
                    "124": 2.2178806454,
                    "125": 2.3191625881,
                    "126": 2.4363606454,
                    "127": 2.5639782297,
                    "128": 2.7004843837,
                    "129": 2.7955517569,
                    "130": 2.942291704,
                    "131": 2.8613293284,
                    "132": 2.5921924784,
                    "133": 2.3040319451,
                    "134": 2.0598684989,
                    "135": 2.0110428983,
                    "136": 2.5022947433,
                    "137": 2.840518346,
                    "138": 3.0646928605,
                    "139": 3.1289723678,
                    "140": 3.2016203899,
                    "141": 3.5016035206,
                    "142": 3.5995348816,
                    "143": 3.2630736241,
                    "144": 2.8400742883,
                    "145": 2.5321763435,
                    "146": 2.2690720148,
                    "147": 2.0365990255,
                    "148": 1.8792538174,
                    "149": 1.7875577261,
                    "150": 1.8829795526,
                    "151": 1.8947564961,
                    "152": 1.6725794005,
                    "153": 1.5061105491,
                    "154": 1.3568616354,
                    "155": 1.2650955041,
                    "156": 1.236341636,
                    "157": 1.2421268906,
                    "158": 1.2044680063,
                    "159": 1.405100259,
                    "160": 1.4490480064,
                    "161": 1.2976865477,
                    "162": 1.3853506545,
                    "163": 1.7169510733,
                    "164": 1.9035202967,
                    "165": 2.1299437503,
                    "166": 2.4466023778,
                    "167": 2.6591856828,
                    "168": 2.7937814723,
                    "169": 2.7834282995,
                    "170": 2.8066319866,
                    "171": 2.6900903783,
                    "172": 2.7678178663,
                    "173": 2.9949714946,
                    "174": 3.0170692855,
                    "175": 2.933152182,
                    "176": 2.8323574011,
                    "177": 2.6488707925,
                    "178": 2.4253277732,
                    "179": 2.1921368022,
                    "180": 1.996010367,
                    "181": 1.8513171785,
                    "182": 1.6897670128,
                    "183": 1.5606927648,
                    "184": 1.4309541283,
                    "185": 1.3202471144,
                    "186": 1.2193695328,
                    "187": 1.129501573,
                    "188": 1.0509568559,
                    "189": 0.9604988012,
                    "190": 0.8845909376,
                    "191": 0.8197669894,
                    "192": 0.7507752304,
                    "193": 0.6712896508,
                    "194": 0.6136582813,
                    "195": 0.5470269018,
                    "196": 0.4998150593,
                    "197": 0.4621561749,
                    "198": 0.4283886273,
                    "199": 0.3895124064,
                    "200": 0.3500832375,
                    "201": 0.3106540685,
                    "202": 0.2682372785,
                    "203": 0.2428424992,
                    "204": 0.2066774254,
                    "205": 0.1803789305,
                    "206": 0.1481051934,
                    "207": 0.1158314564,
                    "208": 0.0955082036,
                    "209": 0.0676787514,
                    "210": 0.0402000668,
                    "211": 0.0189730984,
                    "212": -0.0055551119,
                    "213": -0.0270957012,
                    "214": -0.0372759009,
                    "215": -0.0555152482,
                    "216": -0.0770186907,
                    "217": -0.0896335635,
                    "218": -0.0925840378,
                    "219": -0.114124627,
                    "220": -0.1392057854,
                    "221": -0.1595290381,
                    "222": -0.1762745749,
                    "223": -0.1864547747,
                    "224": -0.1917656284,
                    "225": -0.1929458181,
                    "226": -0.2083997249,
                    "227": -0.2401576606,
                    "228": -0.2763598812,
                    "229": -0.3104410497,
                    "230": -0.3343420184,
                    "231": -0.3450380194,
                    "232": -0.3563984089,
                    "233": -0.3772746097,
                    "234": -0.3933186113,
                    "235": -0.407353001,
                    "236": -0.4202443478,
                    "237": -0.4369155911,
                    "238": -0.453347507,
                    "239": -0.4846803816,
                    "240": -0.482910097,
                    "241": -0.4892361068,
                    "242": -1.4368113453,
                    "243": -0.5290531902,
                    "244": -0.5442677696,
                    "245": -0.5583021594,
                    "246": -0.5627464442,
                    "247": -0.568057298,
                    "248": -0.5797313083,
                    "249": -0.5875139818,
                    "250": -0.6031164756,
                    "251": -0.6150298132,
                    "252": -0.6252100129,
                    "253": -0.63177535,
                    "254": -0.6430985927,
                    "255": -0.6556763186,
                    "256": -0.6750958557,
                    "257": -0.6963599709,
                    "258": -0.7089005501,
                    "259": -0.7211275085,
                    "260": -0.7404356052,
                    "261": -0.7900449739,
                    "262": -0.8163434688,
                    "263": -0.8187038482,
                    "264": -0.8402072907,
                    "265": -0.8760958905,
                    "266": -0.8850587537,
                    "267": -0.8987423759,
                    "268": -0.9305374584,
                    "269": -0.9348703029,
                    "270": -0.9552307025,
                    "271": -0.9847189989,
                    "272": -1.0119955031,
                    "273": -1.0111289342,
                    "274": -1.0111289342,
                    "275": -1.0111289342,
                    "276": -1.0299583763,
                    "277": -1.0598345872,
                    "278": -1.0694246921,
                    "279": -1.0723751664,
                    "280": -1.0798442191,
                    "281": -1.0921083243,
                    "282": -1.073130295,
                    "283": -1.084841452,
                    "284": -1.0962761351,
                    "285": -1.0989872821,
                    "286": -1.1031179461,
                    "287": -1.1048882307,
                    "288": -1.1048882307
                },
                "PC2": {
                    "0": 0.040768284,
                    "1": 0.040768284,
                    "2": 0.0347187482,
                    "3": 0.0336664454,
                    "4": 0.0275797629,
                    "5": 0.0394559537,
                    "6": 0.0418534799,
                    "7": 0.0490832054,
                    "8": 0.0490832054,
                    "9": 0.0444903334,
                    "10": 0.0471271869,
                    "11": 0.0444160399,
                    "12": 0.0344751674,
                    "13": 0.0344380206,
                    "14": 0.031929054,
                    "15": 0.0364104857,
                    "16": 0.0517736522,
                    "17": 0.0566058515,
                    "18": 0.0617516715,
                    "19": 0.0654779746,
                    "20": 0.0692414244,
                    "21": 0.0738342964,
                    "22": 0.0644299254,
                    "23": 0.0668645984,
                    "24": 0.0668645984,
                    "25": 0.0668645984,
                    "26": 0.0668645984,
                    "27": 0.06234602,
                    "28": 0.0614423043,
                    "29": 0.0774327125,
                    "30": 0.0814354896,
                    "31": 0.0751466266,
                    "32": 0.0758110151,
                    "33": 0.0804410338,
                    "34": 0.0822856119,
                    "35": 0.0811054222,
                    "36": 0.0781549479,
                    "37": 0.0823970523,
                    "38": 0.0847574317,
                    "39": 0.0794837248,
                    "40": 0.0843530708,
                    "41": 0.0864369762,
                    "42": 0.0864369762,
                    "43": 0.0864369762,
                    "44": 0.0852567864,
                    "45": 0.0799459327,
                    "46": 0.0681976288,
                    "47": 0.0681976288,
                    "48": 0.079042217,
                    "49": 0.0887437623,
                    "50": 0.0859790218,
                    "51": 0.0897053249,
                    "52": 0.0885251352,
                    "53": 0.080853902,
                    "54": 0.0814439969,
                    "55": 0.0885251352,
                    "56": 0.0885251352,
                    "57": 0.0885251352,
                    "58": 0.0890409365,
                    "59": 0.0850753062,
                    "60": 0.0850753062,
                    "61": 0.0784356756,
                    "62": 0.0679583016,
                    "63": 0.061723032,
                    "64": 0.0737106631,
                    "65": 0.0818441042,
                    "66": 0.0818441042,
                    "67": 0.0818441042,
                    "68": 0.0818441042,
                    "69": 0.0818441042,
                    "70": 0.0788936299,
                    "71": 0.0849803124,
                    "72": 0.0808496484,
                    "73": 0.0761288895,
                    "74": 0.0786750028,
                    "75": 0.0795787185,
                    "76": 0.0795787185,
                    "77": 0.0750601401,
                    "78": 0.074635079,
                    "79": 0.066188017,
                    "80": 0.0629403685,
                    "81": 0.0586775639,
                    "82": 0.0529209488,
                    "83": 0.0492110923,
                    "84": 0.0422742875,
                    "85": 0.0459427436,
                    "86": 0.04072263,
                    "87": 0.043838138,
                    "88": 0.0439660249,
                    "89": 0.0486867838,
                    "90": 0.060488681,
                    "91": 0.064747232,
                    "92": 0.0767884564,
                    "93": 0.0877773781,
                    "94": 0.0957415319,
                    "95": 0.1039821598,
                    "96": 0.1172200206,
                    "97": 0.1343492181,
                    "98": 0.1550561316,
                    "99": 0.162483784,
                    "100": 0.1689334271,
                    "101": 0.1883651571,
                    "102": 0.2071696455,
                    "103": 0.2310085135,
                    "104": 0.2458102248,
                    "105": 0.2601868749,
                    "106": 0.2689390505,
                    "107": 0.2777283728,
                    "108": 0.2857047196,
                    "109": 0.2918736351,
                    "110": 0.2952571099,
                    "111": 0.2965566793,
                    "112": 0.2959209304,
                    "113": 0.2961888973,
                    "114": 0.3075779263,
                    "115": 0.3126780923,
                    "116": 0.3066571962,
                    "117": 0.309764197,
                    "118": 0.3158588188,
                    "119": 0.3276522088,
                    "120": 0.3333960631,
                    "121": 0.3278166747,
                    "122": 0.3236568032,
                    "123": 0.3259879753,
                    "124": 0.3362132612,
                    "125": 0.3435087729,
                    "126": 0.339608929,
                    "127": 0.3370914552,
                    "128": 0.3398476884,
                    "129": 0.3427360621,
                    "130": 0.3647632452,
                    "131": 0.1518583801,
                    "132": -0.1407750776,
                    "133": -0.2951856901,
                    "134": -0.3802951764,
                    "135": -0.2429553466,
                    "136": 0.2772154002,
                    "137": 0.5196451407,
                    "138": 0.5775359698,
                    "139": 0.4448054586,
                    "140": 0.3674366776,
                    "141": 0.5029435543,
                    "142": 0.4309763672,
                    "143": 0.0475218943,
                    "144": -0.2128086189,
                    "145": -0.3038148002,
                    "146": -0.3735239731,
                    "147": -0.4360984143,
                    "148": -0.4416193879,
                    "149": -0.3959506957,
                    "150": -0.1975052815,
                    "151": -0.0971642013,
                    "152": -0.2325845915,
                    "153": -0.3068744434,
                    "154": -0.3169511422,
                    "155": -0.3219605681,
                    "156": -0.280224613,
                    "157": -0.2057569666,
                    "158": -0.1964226356,
                    "159": 0.0042096172,
                    "160": -0.0078730077,
                    "161": -0.1303155645,
                    "162": -0.0173474186,
                    "163": 0.2600300592,
                    "164": 0.3508054205,
                    "165": 0.4217897768,
                    "166": 0.5016748959,
                    "167": 0.4413360651,
                    "168": 0.3409657775,
                    "169": 0.1896329584,
                    "170": 0.1369245283,
                    "171": -0.0085359818,
                    "172": 0.0565394866,
                    "173": 0.2294701741,
                    "174": 0.1684261223,
                    "175": 0.0104043329,
                    "176": -0.1012350362,
                    "177": -0.2304987039,
                    "178": -0.3492107041,
                    "179": -0.4287700094,
                    "180": -0.4604201905,
                    "181": -0.4785931837,
                    "182": -0.4810893894,
                    "183": -0.4818360108,
                    "184": -0.4760172951,
                    "185": -0.4656264076,
                    "186": -0.4544432448,
                    "187": -0.4412876169,
                    "188": -0.4276533346,
                    "189": -0.4150878015,
                    "190": -0.3970092343,
                    "191": -0.3841136339,
                    "192": -0.3717709816,
                    "193": -0.3536552676,
                    "194": -0.3444116767,
                    "195": -0.3297086449,
                    "196": -0.3190826838,
                    "197": -0.3097483527,
                    "198": -0.301944979,
                    "199": -0.2902131217,
                    "200": -0.2826490753,
                    "201": -0.2750850288,
                    "202": -0.2668937407,
                    "203": -0.2615621867,
                    "204": -0.2525414765,
                    "205": -0.2463062069,
                    "206": -0.238816454,
                    "207": -0.2313267011,
                    "208": -0.2263459147,
                    "209": -0.2162193083,
                    "210": -0.2111642284,
                    "211": -0.2052797264,
                    "212": -0.1972741722,
                    "213": -0.1898958596,
                    "214": -0.1856166085,
                    "215": -0.1803593481,
                    "216": -0.1765587515,
                    "217": -0.1674844479,
                    "218": -0.1704349222,
                    "219": -0.1630566096,
                    "220": -0.1592188662,
                    "221": -0.1542380799,
                    "222": -0.1492944403,
                    "223": -0.1450151892,
                    "224": -0.1503260429,
                    "225": -0.1515062326,
                    "226": -0.1561155512,
                    "227": -0.1408802715,
                    "228": -0.1282818454,
                    "229": -0.1189846611,
                    "230": -0.113966728,
                    "231": -0.1174330036,
                    "232": -0.1143339422,
                    "233": -0.1135209666,
                    "234": -0.11872038,
                    "235": -0.1164878875,
                    "236": -0.1094974893,
                    "237": -0.1117092816,
                    "238": -0.1082594526,
                    "239": -0.1052511313,
                    "240": -0.1034808468,
                    "241": -0.097154837,
                    "242": 0.1210631533,
                    "243": -0.0809415481,
                    "244": -0.0798892453,
                    "245": -0.0776567528,
                    "246": -0.0802936063,
                    "247": -0.08560446,
                    "248": -0.081011588,
                    "249": -0.0779496734,
                    "250": -0.0682481282,
                    "251": -0.0693168775,
                    "252": -0.0650376264,
                    "253": -0.064373238,
                    "254": -0.0648518925,
                    "255": -0.0593553049,
                    "256": -0.0552782342,
                    "257": -0.0458160162,
                    "258": -0.0438971445,
                    "259": -0.0434720834,
                    "260": -0.0501281605,
                    "261": -0.0382848629,
                    "262": -0.0320495933,
                    "263": -0.0344099727,
                    "264": -0.0306093761,
                    "265": -0.0195047605,
                    "266": -0.0176230356,
                    "267": -0.0204620695,
                    "268": -0.0016490739,
                    "269": -0.0150190752,
                    "270": -0.006460573,
                    "271": -0.008837399,
                    "272": 0.0054570182,
                    "273": 0.0081310185,
                    "274": 0.0081310185,
                    "275": 0.0081310185,
                    "276": 0.012798184,
                    "277": 0.0190706004,
                    "278": 0.0239399464,
                    "279": 0.0209894721,
                    "280": 0.0225575762,
                    "281": 0.0265603533,
                    "282": 0.007582324,
                    "283": 0.0157529119,
                    "284": 0.0260074052,
                    "285": 0.0287185523,
                    "286": 0.0245878882,
                    "287": 0.0228176037,
                    "288": 0.0228176037
                }
            },
            "Loading": [{
               "parameter": "TRAFO_BUCHHOLZ_TRIP",
                    "PC1": 0.0,
                    "PC2": 0.0
                },{
               "parameter": "TRAFO_OTI_ALARM",
                    "PC1": 4.440892099e-16,
                    "PC2": 0.0
                },{
                "parameter": "TRAFO_OTI_TEMPERATURE",
                    "PC1": 0.7071067812,
                    "PC2": -0.7071067812
                },{
                "parameter": "TRAFO_OTI_TRIP",
                    "PC1": 0.0,
                    "PC2": 0.0
                },
                {
                "parameter": "TRAFO_PRV_TRIP",
                    "PC1": 0.0,
                    "PC2": 0.0
                },{
                "parameter": "TRAFO_WTI_ALARM",
                    "PC1": 0.0,
                    "PC2": 0.0
                },{
                "parameter": "TRAFO_WTI_TEMPERATURE",
                    "PC1": 0.7071067812,
                    "PC2": 0.7071067812
                },{
                "parameter": "TRAFO_WTI_TRIP",
                    "PC1": 0.0,
                    "PC2": 0.0
                }],
                
            "Explained_Variance_Ratio": [{
                "ratio":"PC1_Ratio",
                "value": 0.9780272088680069
            },{
                "ratio":"PC2_Ratio",
                "value": 0.021972791131993075
            }
          ]
        }
    }
}