[
  {
    "Plant": [
      {
        "name": "Mahad Plant"
      },
      {
        "plantStatus": [
          {
            "status": "Idle",
            "count": 2,
            "statusColor": "#3e8acc"
          },
          {
            "status": "Operational",
            "count": 6,
            "statusColor": "#28a745"
          },
          {
            "status": "Caution",
            "count": 2,
            "statusColor": "#ffc107"
          },
          {
            "status": "Warning",
            "count": 1,
            "statusColor": "#dc3545"
          },
          {
            "status": "Disconnected",
            "count": 0,
            "statusColor": "#808080"
          }
        ]
      },
      {
        "totalOperation": [
          {
            "status": "Operational Average",
            "count": 78,
            "statusColor": "#28a745"
          },
          {
            "status": "Operational Average",
            "count": 22,
            "statusColor": "#fff"
          }
        ]
      },
      {
        "machine": [
          {
            "name": "Agitator",
            "number": 1,
            "operational": 70,
            "totalAccelaration": 116.1,
            "velocityX": 1.19,
            "velocityY": 3.72,
            "velocityZ": 2.72,
            "tempearture": 40.64,
            "audiodB": 125.3,
            "status": "Operational",
            "statusSrc": "../assets/Images/green-happy-smiley.png"
          }
        ],
        "alarm": [
          {
            "alarm_Status": "No",
            "alarm_Number": 0
          }
        ]
      },
      {
        "machine": [
          {
            "name": "Agitator",
            "number": 2,
            "operational": 96,
            "totalAccelaration": 136.3,
            "velocityX": 1.14,
            "velocityY": 2.325,
            "velocityZ": 1.45,
            "tempearture": 75.64,
            "audiodB": 142.3,
            "status": "Operational",
            "statusSrc": "../assets/Images/green-happy-smiley.png"
          }
        ],
        "alarm": [
          {
            "alarm_Status": "No",
            "alarm_Number": 0
          }
        ]
      },
      {
        "machine": [
          {
            "name": "Agitator",
            "number": 3,
            "operational": 21,
            "totalAccelaration": 2.3,
            "velocityX": 0,
            "velocityY": 0,
            "velocityZ": 0,
            "tempearture": 30.32,
            "audiodB": 37.3,
            "status": "Idle",
            "statusSrc": "../assets/Images/green-happy-smiley.png"
          }
        ],
        "alarm": [
          {
            "alarm_Status": "No",
            "alarm_Number": 0
          }
        ]
      },

      {
        "machine": [
          {
            "name": "Agitator",
            "number": 4,
            "operational": 78,
            "totalAccelaration": 136.1,
            "velocityX": 1.12,
            "velocityY": 2.525,
            "velocityZ": 2.22,
            "tempearture": 80.64,
            "audiodB": 135.3,
            "status": "Caution",
            "statusSrc": "../assets/Images/green-happy-smiley.png"
          }
        ],
        "alarm": [
          {
            "alarm_Status": "Yes",
            "alarm_Number": 1
          }
        ]
      },

      {
        "machine": [
          {
            "name": "Agitator",
            "number": 5,
            "operational": 82,
            "totalAccelaration": 106.1,
            "velocityX": 1.23,
            "velocityY": 3.12,
            "velocityZ": 1.52,
            "tempearture": 50.44,
            "audiodB": 135.3,
            "status": "Operational",
            "statusSrc": "../assets/Images/green-happy-smiley.png"
          }
        ],
        "alarm": [
          {
            "alarm_Status": "No",
            "alarm_Number": 0
          }
        ]
      },
      {
        "machine": [
          {
            "name": "Agitator",
            "number": 6,
            "operational": 70,
            "totalAccelaration": 116.1,
            "velocityX": 1.19,
            "velocityY": 3.72,
            "velocityZ": 2.72,
            "tempearture": 40.64,
            "audiodB": 125.3,
            "status": "Operational",
            "statusSrc": "../assets/Images/green-happy-smiley.png"
          }
        ],
        "alarm": [
          {
            "alarm_Status": "No",
            "alarm_Number": 0
          }
        ]
      },
      {
        "machine": [
          {
            "name": "Agitator",
            "number": 7,
            "operational": 96,
            "totalAccelaration": 136.3,
            "velocityX": 1.14,
            "velocityY": 2.325,
            "velocityZ": 1.45,
            "tempearture": 75.64,
            "audiodB": 142.3,
            "status": "Operational",
            "statusSrc": "../assets/Images/green-happy-smiley.png"
          }
        ],
        "alarm": [
          {
            "alarm_Status": "No",
            "alarm_Number": 0
          }
        ]
      },
      {
        "machine": [
          {
            "name": "Agitator",
            "number": 8,
            "operational": 21,
            "totalAccelaration": 2.3,
            "velocityX": 0,
            "velocityY": 0,
            "velocityZ": 0,
            "tempearture": 30.32,
            "audiodB": 37.3,
            "status": "Idle",
            "statusSrc": "../assets/Images/green-happy-smiley.png"
          }
        ],
        "alarm": [
          {
            "alarm_Status": "No",
            "alarm_Number": 0
          }
        ]
      },

      {
        "machine": [
          {
            "name": "Agitator",
            "number": 9,
            "operational": 78,
            "totalAccelaration": 136.1,
            "velocityX": 1.12,
            "velocityY": 2.525,
            "velocityZ": 2.22,
            "tempearture": 80.64,
            "audiodB": 135.3,
            "status": "Caution",
            "statusSrc": "../assets/Images/green-happy-smiley.png"
          }
        ],
        "alarm": [
          {
            "alarm_Status": "Yes",
            "alarm_Number": 1
          }
        ]
      },

      {
        "machine": [
          {
            "name": "Agitator",
            "number": 10,
            "operational": 80,
            "totalAccelaration": 106.1,
            "velocityX": 1.23,
            "velocityY": 3.12,
            "velocityZ": 1.52,
            "tempearture": 50.44,
            "audiodB": 135.3,
            "status": "Operational",
            "statusSrc": "../assets/Images/green-happy-smiley.png"
          }
        ],
        "alarm": [
          {
            "alarm_Status": "No",
            "alarm_Number": 0
          }
        ]
      },
      {
        "machine": [
          {
            "name": "Centrifuge",
            "number": 1,
            "operational": 81,
            "totalAccelaration": 106.1,
            "velocityX": 1.19,
            "velocityY": 3.72,
            "velocityZ": 2.72,
            "tempearture": 90.64,
            "audiodB": 170.3,
            "status": "Warning",
            "statusSrc": "../assets/Images/green-happy-smiley.png"
          }
        ],
        "alarm": [
          {
            "alarm_Status": "Yes",
            "alarm_Number": 2
          }
        ]
      }
    ]
  }
]
