[
    {
        "id": 1,
        "firstName": "aaa",
        "lastName": "bbb",
        "login": "admin",
        "email": "a@a.com",
        "authorities": [
            {"id": 1, "authority":"ROLE_USER"},{"id": 3, "authority":"ROLE_USER"}
        ]
    },
    {
        "id": 2,
        "firstName": "aaa",
        "lastName": "bbb",
        "login": "admin",
        "email": "a@a.com",
        "authorities": [
            {"id": 1, "authority":"ROLE_USER"},{"id": 3, "authority":"ROLE_USER"}
        ]
    },
    {
        "id": 3,
        "firstName": "aaa",
        "lastName": "bbb",
        "login": "admin",
        "email": "a@a.com",
        "authorities": [
            {"id": 1, "authority":"ROLE_USER"},{"id": 3, "authority":"ROLE_USER"}
        ]
    },
    {
        "id": 4,
        "firstName": "aaa",
        "lastName": "bbb",
        "login": "admin",
        "email": "a@a.com",
        "authorities": [
            {"id": 1, "authority":"ROLE_USER"},{"id": 3, "authority":"ROLE_USER"}
        ]
    },
    {
        "id": 5,
        "firstName": "aaa",
        "lastName": "bbb",
        "login": "admin",
        "email": "a@a.com",
        "authorities": [
            {"id": 1, "authority":"ROLE_USER"},{"id": 3, "authority":"ROLE_USER"}
        ]
    },
    {
        "id": 6,
        "firstName": "aaa",
        "lastName": "bbb",
        "login": "admin",
        "email": "a@a.com",
        "authorities": [
            {"id": 1, "authority":"ROLE_USER"},{"id": 3, "authority":"ROLE_USER"}
        ]
    }
]