[
  {
    "countryId": 1,
    "countryName": "India"
  },
  {
    "countryId": 2,
    "countryName": "Netherlands Antilles"
  },
  {
    "countryId": 3,
    "countryName": "Austria"
  },
  {
    "countryId": 4,
    "countryName": "Australia"
  },
  {
    "countryId": 5,
    "countryName": "Belgium"
  },
  {
    "countryId": 6,
    "countryName": "Brazil"
  },
  {
    "countryId": 7,
    "countryName": "Canada"
  },
  {
    "countryId": 8,
    "countryName": "Switzerland"
  },
  {
    "countryId": 9,
    "countryName": "Germany"
  },
  {
    "countryId": 10,
    "countryName": "United Arab Emirates"
  },
  {
    "countryId": 11,
    "countryName": "USA"
  },
  {
    "countryId": 12,
    "countryName": "UK"
  }
]