[
    {
        "batch": [
            {
                "batch": "batch 1",
                "rating": 25,
                "rating1":23
            },
            {
                "batch": "batch 2",
                "rating": 82,
                "rating1":23

            },
            {
                "batch": "batch 3",
                "rating": 18,
                "rating1":23

            },
            {
                "batch": "batch 4",
                "rating": 22,
                "rating1":23

            },
            {
                "batch": "batch 5",
                "rating": 22,
                "rating1":23

            },
            {
                "batch": "batch 6",
                "rating": 74,
                "rating1":23

            },
            {
                "batch": "batch 7",
                "rating": 98,
                "rating1":23

            },
            {
                "batch": "batch 8",
                "rating": 71,
                "rating1":23

            },
            {
                "batch": "batch 9",
                "rating": 66,
                "rating1":23

            },
            {
                "batch": "batch 10",
                "rating": 58,
                "rating1":23

            },
            {
                "batch": "batch 11",
                "rating": 44,
                "rating1":23

            },
            {
                "batch": "batch 12",
                "rating": 44,
                "rating1":23

            },
            {
                "batch": "batch 13",
                "rating": 39,
                "rating1":23

            }
        ]
    },
    {
        "pareto": [
            {
                "country": "USA",
                "visits": 3025
            },
            {
                "country": "China",
                "visits": 1882
            },
            {
                "country": "Japan",
                "visits": 1809
            },
            {
                "country": "Germany",
                "visits": 1322
            },
            {
                "country": "UK",
                "visits": 1122
            },
            {
                "country": "France",
                "visits": 1114
            },
            {
                "country": "India",
                "visits": 984
            },
            {
                "country": "Spain",
                "visits": 711
            },
            {
                "country": "Netherlands",
                "visits": 665
            }
        ]
    }
]