[
    {
        "id": 1,
        "equipment": "CNCMachine",
        "measurementParameter": "CNC_PART_COUNT",
        "displayName": "Part Count",
        "dataType": "Number",
        "baseUnit": "Number"
    },
    {
        "id": 2,
        "equipment": "CNCMachine",
        "measurementParameter": "CNC_IN_CUT",
        "displayName": "In Cut",
        "dataType": "Boolean",
        "baseUnit": ""
    },
    {
        "id": 3,
        "equipment": "CNCMachine",
        "measurementParameter": "CNC_IN_CYCLE",
        "displayName": "In Cycle",
        "dataType": "Boolean",
        "baseUnit": ""
    },
    {
        "id": 4,
        "equipment": "CNCMachine",
        "measurementParameter": "CNC_CYCLE_TIME",
        "displayName": "Actual Cycle Time",
        "dataType": "Number",
        "baseUnit": ""
    },
    {
        "id": 5,
        "equipment": "All",
        "measurementParameter": "EQUIPMENT_TOTAL_ENERGY",
        "displayName": "Total Energy Consumed",
        "dataType": "Number",
        "baseUnit": "Kilo Watt Hour"
    },
    {
        "id": 6,
        "equipment": "All",
        "measurementParameter": "EQUIPMENT_ACTIVE_POWER",
        "displayName": "Active Power",
        "dataType": "Number",
        "baseUnit": "Kilo Watt"
    },
    {
        "id": 7,
        "equipment": "Reactor",
        "measurementParameter": "REACTOR_TIME",
        "displayName": "Total Time",
        "dataType": "Number",
        "baseUnit": "Seconds"
    },
    {
        "id": 8,
        "equipment": "Reactor",
        "measurementParameter": "REACTOR_AERATION_RATE",
        "displayName": "Aeration rate",
        "dataType": "Number",
        "baseUnit": "Liters / Hour"
    },
    {
        "id": 9,
        "equipment": "Reactor",
        "measurementParameter": "REACTOR_AGITATOR_SPEED",
        "displayName": "Agitator RPM",
        "dataType": "Number",
        "baseUnit": "RPM"
    },
    {
        "id": 10,
        "equipment": "Reactor",
        "measurementParameter": "REACTOR_VESSEL_VOLUME",
        "displayName": "Vessel Volume",
        "dataType": "Number",
        "baseUnit": "Liters"
    },
    {
        "id": 11,
        "equipment": "Reactor",
        "measurementParameter": "REACTOR_VESSEL_WEIGHT",
        "displayName": "Vessel Weight",
        "dataType": "Number",
        "baseUnit": "Kg"
    },
    {
        "id": 12,
        "equipment": "Reactor",
        "measurementParameter": "REACTOR_VESSEL_TEMP",
        "displayName": "Temperature",
        "dataType": "Number",
        "baseUnit": "Kelvin"
    },
    {
        "id": 13,
        "equipment": "Reactor",
        "measurementParameter": "REACTOR_WATER_FLOW",
        "displayName": "Water Flow Rate",
        "dataType": "Number",
        "baseUnit": "Liters / Hour"
    },
    {
        "id": 14,
        "equipment": "Reactor",
        "measurementParameter": "REACTOR_PH",
        "displayName": "pH",
        "dataType": "Number",
        "baseUnit": "pH"
    },
    {
        "id": 15,
        "equipment": "All",
        "measurementParameter": "EQUIPMENT_CURRENT",
        "displayName": "Current",
        "dataType": "Number",
        "baseUnit": "Ampere"
    }
]