[
    {
        "createdBy" : "admin",
        "createdDate" : "2019-02-02T08:42:15Z",
        "lastModifiedBy" : "admin",
        "lastModifiedDate" : "2020-01-22T05:06:34.733Z",
        "id" : 4,
        "displayName" : "BS",
        "description" : "descirption",
        "activity" : "",
        "timezone": "2020-08-22T05:06:34.733Z",
        "numberOfShifts" : 2,
        "numberOfUnits" : 4,
        "numberOfProdLines" : 6,
        "commissionDate" : "2015-10-31"
    },
    {
        "createdBy" : "admin",
        "createdDate" : "2019-02-02T08:42:15Z",
        "lastModifiedBy" : "admin",
        "lastModifiedDate" : "2020-01-22T05:06:34.733Z",
        "id" : 3,
        "displayName" : "KM",
        "description" : "descirption",
        "activity" : "",
        "timezone": "2020-08-22T05:06:34.733Z",
        "numberOfShifts" : 3,
        "numberOfUnits" : 8,
        "numberOfProdLines" : 2,
        "commissionDate" : "2016-08-22"
      }
]