[{
  "Machine": [{
      "name": "Agitator"
    },
    {
      "number": 4
    },
    {
      "machineStatus": [{
          "status": "Idle",
          "count": 0,
          "statusColor": "#3e8acc"
        },
        {
          "status": "Operational",
          "count": 6,
          "statusColor": "#28a745"
        },
        {
          "status": "Caution",
          "count": 1,
          "statusColor": "#ffc107"
        },
        {
          "status": "Warning",
          "count": 0,
          "statusColor": "#dc3545"
        },
        {
          "status": "Disconnected",
          "count": 0,
          "statusColor": "#808080"
        }
      ]
    },
    {
      "totalOperation": [{
          "status": "Operational Average",
          "count": 78,
          "statusColor": "#28a745"
        },
        {
          "status": "Operational Average",
          "count": 22,
          "statusColor": "#fff"
        }
      ]
    },
    {
      "sensor": [{
        "name": "IDE",
        "number": 1,
        "operational": 70,
        "totalAccelaration": 116.1,
        "velocityX": 1.19,
        "velocityY": 3.72,
        "velocityZ": 2.72,
        "tempearture": 40.64,
        "audiodB": 125.3,
        "status": "Operational"
      }],
      "alarm": [{
        "alarm_Status": "No",
        "alarm_Number": 0
      }]
    },
    {
      "sensor": [{
        "name": "IDE",
        "number": 2,
        "operational": 96,
        "totalAccelaration": 136.3,
        "velocityX": 1.14,
        "velocityY": 2.325,
        "velocityZ": 1.45,
        "tempearture": 75.64,
        "audiodB": 142.3,
        "status": "Operational"
      }],
      "alarm": [{
        "alarm_Status": "No",
        "alarm_Number": 0
      }]
    },
    {
      "sensor": [{
        "name": "IDE",
        "number": 3,
        "operational": 78,
        "totalAccelaration": 136.1,
        "velocityX": 1.12,
        "velocityY": 2.525,
        "velocityZ": 2.22,
        "tempearture": 80.64,
        "audiodB": 135.3,
        "status": "Caution"
      }],
      "alarm": [{
        "alarm_Status": "Yes",
        "alarm_Number": 1
      }]
    },
    {
      "sensor": [{
        "name": "IDE",
        "number": 4,
        "operational": 77,
        "totalAccelaration": 136.1,
        "velocityX": 1.12,
        "velocityY": 2.525,
        "velocityZ": 2.22,
        "tempearture": 60.64,
        "audiodB": 135.3,
        "status": "Operational"
      }],
      "alarm": [{
        "alarm_Status": "No",
        "alarm_Number": 0
      }]
    },
    {
      "sensor": [{
        "name": "IDE",
        "number": 5,
        "operational": 82,
        "totalAccelaration": 106.1,
        "velocityX": 1.23,
        "velocityY": 3.12,
        "velocityZ": 1.52,
        "tempearture": 50.44,
        "audiodB": 122.3,
        "status": "Operational"
      }],
      "alarm": [{
        "alarm_Status": "No",
        "alarm_Number": 0
      }]
    },
    {
      "sensor": [{
        "name": "IDE",
        "number": 6,
        "operational": 60,
        "totalAccelaration": 106.1,
        "velocityX": 1.19,
        "velocityY": 3.72,
        "velocityZ": 2.72,
        "tempearture": 40.64,
        "audiodB": 125.3,
        "status": "Operational"
      }],
      "alarm": [{
        "alarm_Status": "No",
        "alarm_Number": 0
      }]
    },
    {
      "sensor": [{
        "name": "IDE",
        "number": 7,
        "operational": 72,
        "totalAccelaration": 116.1,
        "velocityX": 1.19,
        "velocityY": 3.72,
        "velocityZ": 1.32,
        "tempearture": 50.64,
        "audiodB": 125.7,
        "status": "Operational"
      }],
      "alarm": [{
        "alarm_Status": "No",
        "alarm_Number": 0
      }]
    }
  ]
}]
