[
    {
        "pumpIn": [
            {
                "hour": "1",
                "value": 1
            },
            {
                "hour": "2",
                "value": 1
            },
            {
                "hour": "3",
                "value": 0
            },
            {
                "hour": "4",
                "value": 1
            },
            {
                "hour": "5",
                "value": 0
            },
            {
                "hour": "6",
                "value": 1
            },
            {
                "hour": "7",
                "value": 1
            },
            {
                "hour": "8",
                "value": 1
            }
        ]
    },
    {
        "heatUp": [
            {
                "hour": "1",
                "value": 10
            },
            {
                "hour": "2",
                "value": 15
            },
            {
                "hour": "3",
                "value": 68
            },
            {
                "hour": "4",
                "value": 79
            },
            {
                "hour": "5",
                "value": 45
            },
            {
                "hour": "6",
                "value": 19
            },
            {
                "hour": "7",
                "value": 95
            },
            {
                "hour": "8",
                "value": 1
            }
        ]
    }
]